{
  "name": "staycurrentmd-space-designer",
  "version": "0.1.0",
  "private": true,
  "scripts": {
    "dev": "next dev",
    "build": "next build",
    "start": "node server.js",
    "lint": "eslint",
    "postinstall": "npx prisma generate"
  },
  "dependencies": {
    "@auth/prisma-adapter": "^2.10.0",
    "@hookform/resolvers": "^5.2.2",
    "@prisma/client": "^6.16.2",
    "@radix-ui/react-dialog": "^1.1.15",
    "@radix-ui/react-select": "^2.2.6",
    "@radix-ui/react-slot": "^1.2.3",
    "@radix-ui/react-switch": "^1.2.6",
    "@radix-ui/react-tabs": "^1.1.13",
    "@tanstack/react-query": "^5.90.2",
    "@tanstack/react-query-devtools": "^5.90.2",
    "bcryptjs": "^3.0.2",
    "class-variance-authority": "^0.7.1",
    "clsx": "^2.1.1",
    "lucide-react": "^0.544.0",
    "next": "15.5.4",
    "next-auth": "^4.24.11",
    "react": "19.1.0",
    "react-dom": "19.1.0",
    "react-hook-form": "^7.63.0",
    "sonner": "^2.0.7",
    "tailwind-merge": "^3.3.1",
    "zod": "^4.1.11",
    "zustand": "^5.0.8"
  },
  "devDependencies": {
    "@eslint/eslintrc": "^3",
    "@playwright/test": "^1.48.2",
    "@tailwindcss/postcss": "^4",
    "@testing-library/react": "^16.0.1",
    "@types/node": "^20",
    "@types/react": "^19",
    "@types/react-dom": "^19",
    "eslint": "^9",
    "eslint-config-next": "15.5.4",
    "jsdom": "^25.0.1",
    "prisma": "^6.16.2",
    "tailwindcss": "^4",
    "tsx": "^4.19.2",
    "tw-animate-css": "^1.3.8",
    "typescript": "^5",
    "vitest": "^2.1.4"
  }
}
